tv_budget,online_budget,store_visits,competitor_price,region,sales
86.09434159508862,79.99950150489488,986.957817874295,53.204461013027924,East,539.5642844329686
59.20031787519009,54.79619510377,839.5568739977945,52.504759101417854,West,438.86470585563836
95.00902391612914,308.64107664914326,908.8159255161111,75.90176074649807,West,427.152476790983
98.81129432782427,76.47708289844616,1139.4602831014233,63.9634793473991,East,592.2973350933927
40.979296226923275,20.009757603676526,1000.6585240639903,57.45919436946727,West,289.8915266207021
53.95640986275364,43.14547084367742,1074.8461949110342,65.98463329283668,South,374.01831615140804
82.55680806334571,82.27536191508086,1147.4174332844818,34.71369183204374,East,712.5728334356982
,64.79829728747734,917.5348781625258,59.482396924309114,West,435.6350931205326
79.66397684991422,64.91651889217964,1166.3745959985574,83.97017013365715,South,276.4409867078798
62.9391214485284,55.823654278750666,1083.3453727608467,61.58815807683207,West,397.41023844343556
97.58795949725658,75.14497380769588,728.3411208794747,60.814958030032024,West,536.3845423972203
95.55583870857896,79.73584608880392,1317.3070540609738,66.57754055570635,South,532.3245039361751
81.32061395122432,69.61990922361936,889.8361563734784,70.74726291977214,West,439.2801725834857
102.54482413936066,86.73259725935132,635.8790244992596,36.03039968532168,East,633.1219076965149
89.35018684504091,79.90168942673517,770.0903838910135,39.812082218507676,East,577.1352101189924
62.81415074233524,55.11525426216521,775.3700646507691,62.52349549303376,South,381.70633862425154
87.37501568164998,77.61039341994247,1011.4781301046573,51.421481257229885,East,590.4013525011792
60.82234798342002,48.25713437475322,939.7528887798278,75.74430314663897,West,412.17097545847435
97.56900602614544,87.42273216427637,925.8969671190696,56.21790732137731,East,575.2064405420052
79.00148178027494,75.29594425135366,1136.3344324061454,36.78563117144259,West,608.6887819661337
76.30275272909479,60.006592221473504,1074.7725794623948,44.78383299787204,South,450.808462125388
66.38140911192117,51.9857194665602,1069.530531541743,27.003887764433095,West,500.68856605748203
104.4508267734806,95.46212443905968,1090.1622606123124,57.19049355260505,South,619.4390185134584
76.90941035862396,64.41627887135506,1135.5496269604923,,East,516.4165436022987
71.43344355673786,67.73753398355996,536.2502648089626,54.906447482617224,West,431.80647240941636
72.95732899023541,59.80105108223918,919.8235845018186,72.94654846835687,South,353.85677669299037
90.64618371106698,84.32448403576049,520.3537858123157,74.38223803820033,West,376.31798958642804
87.30888128728157,74.86997817821658,1007.933183895515,57.955338919726664,East,525.9343680234191
88.25465223191976,76.30759851374528,998.9807461106441,34.38367599027773,South,598.5215635416043
88.61642006015765,83.14754715948352,1230.0171004537297,67.4073789659071,West,548.5843382546866
122.83295201740923,102.59915682757699,3783.83869919594,66.66432274210291,West,562.3840427822331
71.87169967230768,56.385334241836745,1044.6105106155208,63.71269884188334,South,378.2091297917244
,57.04905256564209,889.9205629726821,71.77775699169739,East,481.2047607677158
63.724545435042444,56.427533373001765,1106.7354447600624,46.02206284246752,West,465.34767303856705
,70.64285482288085,883.858119788651,84.10506463422166,East,354.81237985382637
102.57944585441783,90.37988348951076,999.6936166824632,48.48686696229758,West,674.5851162829487
77.7210508469025,63.36903663177841,1216.949989731369,68.99067512641025,East,516.6236070974405
63.19687046074944,59.45640319530484,877.2903038823268,39.75182766703978,North,428.527343920893
63.51037568617521,42.012517808746566,1177.2493006333502,48.836823752759386,East,462.5540862989652
93.01185575649401,75.12724851749907,1149.0283011123065,78.19642376070404,North,499.1531483375959
94.86508342406884,72.20298015428801,789.9458002312192,,East,487.3012953978525
90.8630853661039,73.10247522936855,1214.2567082078283,70.07907126159358,West,558.4535152401149
66.68980585422611,57.92466448163691,1153.684595981731,62.84346466463095,West,465.1551952744878
84.6432264613344,71.05060936488546,1022.4236952219846,58.74050212799793,North,475.0215319374333
82.33371618281457,68.71677091065231,832.2888392339165,76.36620389919227,West,410.5872959774317
84.37377193458026,70.92178178749292,810.9746759133745,57.1600941041772,West,458.3329254037788
97.4285755589638,83.83123042821894,881.7142330813351,38.631142709238354,South,582.5864276551744
84.47191097549364,66.75844411945405,1119.3707819242313,50.36111889657954,North,459.1717435363925
,83.07577877671746,789.7624631716924,66.61430074442033,East,419.2714492207891
81.35158138977783,72.46217403323858,1096.2526946963715,64.7461092763501,South,463.1829442198977
85.78238797379969,74.84021946601024,726.8137836467536,41.19530099717474,West,538.106122612222
92.6257645167708,81.51456705301149,955.1049114234532,51.307889767101585,East,580.3348110307835
50.85688360288667,44.71044106649697,1024.1225060062818,53.019343809573044,West,413.70285939204797
73.60657567285398,72.74095583558122,1537.9286319129617,55.6143648706293,East,560.7274693346991
70.5925469141441,59.56819402175993,696.9905557855192,43.48903693678138,East,497.48139436630447
67.22244303513315,55.60366048819029,1323.8432046278294,52.45954670256626,North,463.92822505618255
74.49715497546633,59.55494382735949,1032.9653310772017,51.25667417688567,East,476.9634869257374
109.89882622468792,88.25268893809555,1090.4578219635118,69.25839911714303,South,497.4086591790392
62.68337768613513,47.05851209520948,1026.036540945405,69.70945573188293,South,423.88455912066365
99.36556709182962,80.01674546190058,1097.8399000029513,58.25027450293421,North,446.28525008345036
46.34260456768391,39.03781197427096,966.189277040356,55.29552244955122,North,354.23417468904563
73.3022994002845,63.978430132730395,1319.8910399206409,61.67909174446936,North,387.4162761716085
83.25506130210012,71.0225123995459,899.5763482705611,,South,447.8273240191563
91.72444662718556,74.13810324595914,1249.0916058794346,46.238015013990704,West,567.4132994711196
94.2245315958571,84.59177467657835,2574.7177006594047,48.7173454928914,East,465.8290338052384
,85.18396635990345,986.7445937917169,52.38224203234252,West,570.2597759331297
73.02549855503125,61.27343223466647,764.1682384961518,46.038314402492745,West,435.5004448374737
70.75296414670865,56.87543880137879,1100.1052184764544,61.944714708754496,East,369.85029015837495
97.15951762514308,85.32772958552061,1317.9277105238375,68.7565880854045,North,564.4920259726858
,65.68769441444306,982.9816404394121,40.9548203904211,East,598.4180799574015
54.48627353324156,39.07269620618008,956.6851462851399,60.3015445345924,South,387.7566530228595
57.33425571993038,48.3942160820188,754.7842681250561,57.36077045680398,East,398.6970672759112
61.61095427996777,53.67949019834451,949.5556162184922,64.09810422644163,East,410.65441992735197
89.94321488107528,71.95325871647522,649.5852628612639,59.844734782756944,East,528.872580683688
82.8485147214113,285.4818179095473,799.166842921858,42.55680864082043,East,600.6776940325143
93.80970708135537,72.46413859286311,1049.8929301440098,44.851328413714015,East,635.4217799246867
71.45494707326931,67.41763551233977,1290.1829035031071,60.353082907019676,East,469.637525002047
83.17079382153429,76.9349246736013,1618.0263894704908,72.34537103694612,East,574.977257866564
,77.3724500259299,870.9512812844018,,East,614.2581237728054
73.81306920559523,258.2335220558052,1315.7660344619967,64.14871895761895,West,405.4887143258969
89.13550475114823,63.71556920947662,1053.6255456883625,74.27546406345172,West,475.6361142750765
66.76148117866697,50.96552070054026,966.7255177157973,,West,520.8647191571814
72.73892306869857,60.35919000763313,1095.1707793797534,66.6024299523173,West,467.54379019195284
72.36524212003341,56.14979069489411,1013.621626409591,51.563171029226375,East,551.9501736725949
56.08320708821921,51.24270843813962,1024.2870596346881,,East,427.8706728212781
89.73944961571164,86.26501482709486,910.1667041781328,,East,579.4497095383343
70.61195319594552,54.137086619407185,692.4158748442528,31.867880298973514,North,456.9103398165137
80.24988237455375,64.02508299794472,660.4024554451421,71.3131896147033,South,300.86340584728003
,77.34993504295011,1143.71387432187,48.18006086730669,South,475.5042701176487
88.93062352059889,83.64661073500716,939.1259801811431,54.53366585995883,West,576.9540962034221
93.30770217945573,73.19967528983786,868.8604420756433,43.362692960757684,West,603.1052586545115
78.03029030981153,67.57092737487451,1001.8712378790938,43.08036356299349,West,472.60064941583096
71.53403375911692,69.91042294931492,1174.885095641438,57.9139475988646,North,498.7784596915161
78.40563578187202,58.38599467369488,3119.0402023974225,51.24507367037224,North,454.3808732695974
46.2533113208394,32.909968588484325,855.6679139389871,64.53565197593639,South,280.15985762338795
51.057750551538255,41.281054936503324,3809.3533507283064,65.4304610277551,South,367.06776553037747
53.546007752911954,42.9111645256981,1347.420810655959,63.850195755895285,West,460.66672220941996
60.05506344797037,55.10981036954304,1108.8024641710276,,North,387.7224912994512
87.99548453446873,76.00446045340261,1214.2059724956998,78.93321845918263,South,494.9825941656492
61.890418892798785,43.73204576066833,1273.2311992990385,47.18887477146137,West,490.5461355144672
72.4367489192122,64.14828859583443,1248.621849608993,59.340781605564985,South,470.4290434988148
105.98456595572131,87.19918662558486,1135.1018189647773,73.59227784623506,East,521.5920615268404
72.87472057877149,68.31574857666196,1131.6363503564742,75.17447771205644,South,480.52737463794244
94.75031136934173,77.39982698175587,1114.3253261362306,42.93883620786512,North,579.2299826425241
61.32764639980246,48.94542302432091,758.5857115996504,56.25173470012956,East,429.1711604087796
75.8912488426474,67.21321957027295,1154.1590945091089,76.29745315040712,North,332.2471288115716
60.999558901788376,55.6642574782048,701.7209263521581,66.09694926238879,East,329.2417063554144
73.21933848198876,64.47693452937146,825.188119872488,62.343156377757275,North,442.8741824441618
,73.85725174985168,1286.7843149177793,57.38778367878412,North,554.4085054971736
45.45359153615303,41.325725005371325,1184.8484357927234,55.394388891507056,North,278.6488594739138
88.68847287091715,70.21366168190758,1327.2276237308897,,South,536.4088802882355
84.75471204664555,73.21788579759003,940.2316355887957,56.9715105001862,East,485.3982307156101
68.11700088606412,50.78077857615919,746.5052549191112,59.48905654746667,East,468.2473194664701
51.07884291223091,45.648627213111595,947.1038166445246,60.94318447338045,West,357.758873475682
81.4425901542774,65.19320710959892,1022.4468853929263,51.86314165807801,East,528.8277326228409
69.41014581872395,52.585450694612746,1017.3775175948022,66.38555248657725,West,463.1308315964578
,75.52459627544197,1249.4097053264743,94.97093578098503,East,404.3747908658218
80.43704291046886,69.57970908228228,920.520506499242,38.6761603280871,West,481.9597468130087
112.03557782641832,92.16035714549108,1077.4475837966434,63.88815029027976,West,571.7916309213773
75.21288745053951,71.1868485780639,782.5020271243867,50.87771893657313,South,450.4213601619191
59.530050147562704,48.39728051757958,1099.0698011696388,66.928830930231,East,351.08636300714795
83.58551269912633,71.20822416411205,1000.6838810408401,60.55868967993433,South,362.7786068660639
84.3999336794353,73.08451086591302,835.0410655774061,69.14225728850957,West,473.59807692573673
107.18375150480873,88.00785910844435,948.1175403215324,74.10607891810535,West,486.33417992055365
96.70222491829156,84.55257264754746,959.4813357666512,62.30905341321817,West,502.56351901671627
87.13742118299018,71.39954626971803,940.5658715458388,73.58462746097014,West,360.2975387427951
109.26605782439124,90.8179575396515,4169.085219896671,31.868425274535873,East,704.4416096339465
56.22473891354298,54.60424127552824,978.3418794922665,,West,335.2414076649527
67.20496934500504,51.921293680692116,946.3428557609857,64.50074582270808,East,460.63417026839693
61.4684811718895,40.18430734145862,538.5607893257688,,West,249.16877185095416
72.20380393688464,69.42791832141141,803.274382564515,45.361491061901745,North,512.8116214373397
52.46627704887382,57.34297525457776,942.1238466196023,50.03076142073597,West,380.3985345703192
92.70301893628809,76.77121976859821,849.1124112411386,61.75125952973729,South,410.2569630886642
75.55554605802453,54.53802394621992,1303.9756705431153,59.79554532795044,East,579.7252983135423
50.58387410994684,41.443873112475096,963.7136894128319,63.39682305611988,South,315.0746241097786
59.68841837584917,197.21616348107378,1283.4577348500156,73.0141819311596,North,347.02089661244764
86.2702769490039,72.38011620154202,3040.725058473243,38.81735621636581,South,506.13502518579816
96.76253135788762,76.68121144459523,1008.1901240127469,71.68582886060771,South,505.9831251377148
119.93461783383573,104.84223087114276,980.4647815032498,60.09938291949513,East,698.3979169801185
138.2772493201466,120.15819879855505,1000.835175356721,57.55461766650543,West,650.588692095463
88.28818866551993,67.5729322665954,1378.134900670969,42.34661718738131,East,619.5788524686559
60.209237599362716,54.673835617932745,489.685640114732,66.03658402052238,South,270.53184794060945
37.359074385373816,42.0186381372972,559.6599362234906,31.030705787627554,North,280.2961198255852
85.35422924687671,73.41089652203051,880.5024171676549,67.78072813486455,East,467.70599974493325
63.74117809379348,52.493375569381925,1003.1961340262651,42.094729974324096,South,421.77975481903593
71.6928547964063,60.228910504907745,1151.8229734480826,60.64149495140969,East,533.6652173120416
67.75806401880384,60.670638250826066,1104.0791835660445,58.569973952064956,North,476.43600790071685
77.1841822716723,56.953196903385354,915.4658991662745,74.0344577675266,North,351.70638060944924
101.31960461575287,86.94361743827645,1224.1896125131877,57.85613797183332,East,598.0634889530555
83.14097134890689,68.7175058992568,1226.6429886936007,51.67033726625201,North,539.1920255491631
76.82730325922623,74.54233283512252,1040.4927228797444,53.92076764834556,South,424.49718283542205
59.28692494348377,49.52302253293641,1211.7846659471052,75.27459322505597,East,430.077666443314
46.50634110591286,47.869827995623524,1059.9819579550683,66.43556363017072,West,349.4444572306638
,54.21406205684334,876.4737341077656,55.372440221722066,East,402.4722824673062
78.92434898363359,70.02199247010252,1153.519704580001,57.16264296042584,North,429.8196381493455
,99.65180984981416,1024.334886967309,41.193874912974636,East,743.1649171263431
82.60549042945772,65.86943062571515,1000.2947662859872,64.6616904102185,South,409.5772199752966
99.65479022046115,85.59355226057667,1324.0497858817064,,South,682.6260058485616
70.01408802921696,65.57456900899243,460.808131721181,69.02155759002548,East,332.6676181397631
56.30112467165951,46.23699744947758,688.1094825648947,61.54345910989519,West,347.92748772448766
60.69766475535256,43.133201796200865,738.8445061976386,88.64342159488707,North,346.0708677246279
65.49547870928494,55.58334277050496,920.0826575348627,46.79837335530833,North,370.47358315227524
122.56939464870328,99.67186997743522,943.9862026514734,58.76805490751241,West,525.9218437743743
63.572266415512274,52.32472175986602,668.3883574899296,81.57945241107674,East,375.13678444880463
96.7697840747269,81.84637761509227,783.2652328916182,74.29667568349697,East,437.5334614654914
61.94145643825947,44.121976892442966,810.6148307248145,51.6454553810412,South,348.5240854473982
98.63146025748489,75.75844952225877,1540.6333002566962,62.68760914048137,West,574.1546382171617
87.69901932211727,76.95450060142731,1396.3832285043723,60.02399227698105,South,528.0457816147078
76.86724204683819,62.72356225896406,909.4151281093772,63.383470408729885,West,390.92410849471094
79.18474947729132,54.483315346594786,920.0116761325042,51.61583476818204,South,413.3987952697227
66.90424609141219,60.79282936074103,747.1751206185753,58.928155167591186,East,435.7455027464765
88.9214440296416,76.94507620156656,580.2113090904413,40.823371496679435,East,473.82538350717005
70.9003303931844,56.695906714024325,974.2863589901248,61.621481422416984,South,350.0606422869929
55.48788472465503,40.58055096066557,780.4725636863143,65.40024808106199,South,267.6542857622635
54.44124851360762,50.45410071813816,981.3328830343578,57.27096704827339,West,327.73837891593575
83.45175835444239,72.68074771407818,647.954713210435,40.61938931298255,West,472.1660879596738
111.58182512820869,106.75756277239775,832.3656191717432,71.86238235421754,West,541.6771782561385
83.19983227146876,72.82080042437313,1032.6979609666228,64.37430045591363,West,459.18663159369294
77.62723347780235,67.92166416244207,1080.5661115124663,51.28781882758828,East,511.58359875161375
,72.0244047227004,1091.843830923243,56.632794637943235,South,468.7032081812281
106.1200348341365,94.28590894501998,709.4924234854518,41.99196716661793,East,569.3826840328751
84.38765002727713,74.85492852942633,1188.0308606298236,47.69507846666515,North,557.012248461992
71.78145538332525,67.27286211865244,823.953426747593,53.54626384371433,East,527.7543110977718
102.12577420119777,84.20029347783168,1139.2287412136075,74.74104974736181,East,522.1188319675529
88.57512876923226,73.11182208912761,997.6594911439975,52.325959309350296,North,513.6769745900793
110.71511983991984,91.71233600937195,697.1947502028515,67.68256391194511,West,497.5913516110793
83.66468874443812,75.06899403866734,930.4365049921387,,North,484.6363042860665
55.510619365589996,54.675898662235156,1080.3800232540289,62.9753707302225,East,487.97859701024043
52.6368160150867,42.447091147077195,1134.8523837044117,,South,375.73632448286247
113.01855864462499,93.94190620896578,968.9826625622279,70.47667920111292,North,439.3903915968813
114.47331441566594,98.87270337266504,1336.9913559322317,53.582263941377306,South,640.0622450671788
76.40961573434798,63.71936587413127,1221.652369617043,41.12966099997071,East,622.8250192763771
72.33625357728025,66.24608380638766,943.5360943920543,,West,481.64468614885004
109.22888584484404,81.58566651502221,1165.0267986701278,53.61747007268691,West,649.6801902878976
57.859086359130245,45.04669817067623,1425.434566741401,45.01128035186336,West,466.42989830641955
62.10545962088347,48.877559007943724,1431.306612172266,64.92254418815462,East,406.9958169446149
92.86653589378089,67.33477544778303,729.8400262190505,54.41078202170306,East,505.564333987009
72.1078975428082,56.47352068954295,796.1627155454269,88.49527860031718,West,242.93508778175038
,63.33714768652915,1326.6821330814473,39.14742485835441,East,586.5188336947735
76.73114202950975,64.21594745248915,767.1781688157198,62.443598144517615,West,474.5408247246142
86.75149097597867,79.30359678788318,709.0409506758306,46.46456371793197,East,433.0661642744026
108.14963722627434,90.70188838637968,893.0372912462096,54.07918391540785,East,533.3570452539238
81.81169813803491,64.3858748159739,1092.449876084409,61.69703368008653,North,404.12722446438664
92.87877586553716,78.66218677963894,977.4727245455588,32.09554350150856,West,594.0764482897247
38.996557979379546,38.39294238967936,856.8760035107697,62.84191340145633,West,287.1113307842312
79.02563196139764,62.29199308661346,851.673258420608,82.83488954729,West,434.52192890497537
63.13539459414258,49.11221098541395,843.285845829204,54.558740419576885,North,412.53547009262945
55.623738791527444,50.072922769169445,806.5078816950327,63.11769428166611,West,373.0572362841654
62.43695266142498,51.96372918355723,1501.9592330007335,72.2990603175048,North,423.3989248169015
,65.55732496163355,1065.4524356608222,58.032557999676044,South,440.37814923333207
98.31805084712026,83.50210926107574,1195.0869919690424,53.028477737622204,West,547.3860678244794
53.47214564520872,48.959642038875245,892.4029570138368,32.69116315533897,South,441.7933545557783
80.61262985188834,63.34534480390188,959.0895310190692,67.69188863273968,North,358.2917607028805
70.31661133332842,59.708696379387824,843.0181240985219,58.64197908325323,East,475.56071007920536
,61.376107324030876,416.6241663177756,47.847793783342055,West,449.5943302637266
100.05515650609209,78.96742840965763,696.8379590934694,61.519160523332324,North,464.35592474480677
90.76230874007852,69.3305726897233,601.6638904043132,52.99583571832582,South,408.43494783024477
106.74796214885487,94.16451300289995,505.04756885064637,53.65888642661369,West,532.6617428973083
76.90988641500199,63.618641541661795,737.0210256544174,67.2754938733045,East,288.57543146121805
,51.057574193361404,1291.4902494639587,43.93941106411387,North,491.97888250759644
75.52282366239001,63.71350542841485,990.224043105042,72.56778343288511,East,430.9925919343824
84.84993582542444,77.76253973835729,1283.9240277106583,43.227766042579155,North,556.0669281908865
83.53146716907422,238.39223146741386,1090.4161669181926,52.04758309973683,West,539.5599761818303
58.31223855533267,42.082209322516135,3516.488824972005,83.07535432879892,North,309.5130243671418
81.80979563255748,64.92389407819752,801.8026610329935,73.52825713970907,South,305.80948116175045
84.5645666027781,79.18577594596303,1115.2692099223875,61.17124790994528,North,473.84786521348116
130.34948075067842,112.20999355267314,1160.317131496356,,North,681.4723484060381
117.53689222563341,103.74294459409454,873.1375957085876,53.64873231960128,North,583.5302324956269
62.9351329888236,47.7940584448689,1123.0988815355565,60.879303775028355,South,382.80399503897814
74.25233276901648,57.51680347731137,1124.5613068864632,60.45027878807518,South,463.7559627853937
50.73115996325994,45.3605545523845,879.0984233513818,58.90954884448845,East,327.5251274537165
68.18585972073026,58.249352417297956,752.9909449003811,59.630009830989785,North,372.32900497208925
86.31210007180681,76.10897915535642,739.4917669823801,57.42749868353863,East,543.7991306005066
104.11707241776467,87.5611566004577,1019.0312192227216,42.696255172319844,South,487.07446896923597
65.41832324512782,227.98517356252714,1071.9421711336493,53.80187109407001,North,429.41117320451747
66.91707119864407,57.670105943373,825.6443172992588,70.97548864784216,West,341.07495419123325
37.0542194052269,35.38492343986749,1005.8487750917417,43.57998842938659,East,378.55284031522007
76.74668158910184,69.26972076045891,1125.5181479504668,57.72533386152866,West,449.9257518486404
58.75171176280874,41.83959502642858,1136.0019572263661,50.162952854749875,North,399.36844625192145
69.41121145267853,47.763186958072474,1341.4136264269475,61.33620515277734,East,570.903784136304
62.462784436648235,58.10209375940853,1280.9357830835695,55.33640182719818,East,435.11126933087706
78.11474891494886,72.33616204401622,779.7158847935602,77.72872397969603,South,288.22902740859035
44.845432172867376,33.015502249370584,1370.388966098365,66.07899785028305,North,290.466478837961
50.65909509218019,33.76105379562502,883.1851689977427,44.258362010673466,East,484.59751450110605
122.58494224056597,104.69237500951706,1229.872018739974,68.05473613936438,East,631.6045132572805
54.25154837451938,50.76800725009412,1014.9570577312395,50.70417772485524,South,370.5277474058862
58.06428843090721,58.3426177784427,909.3271367394672,53.076043543469595,North,364.2175699421298
116.73827056642628,101.80901784196959,602.3066908495148,63.76582824128546,North,460.56598720186093
138.10134338480813,115.52755839415843,962.2558077524034,54.099030963238384,West,675.3459277105062
56.56866742349317,43.61771420204488,656.9356882327661,70.71426979587547,East,430.7814317066204
72.6350208642394,61.797024192956755,1212.8058318854098,50.70587926183926,East,588.1904096332818
86.83111101881019,72.31012084656237,1333.6943845706346,52.57264136890364,North,497.8039543411323
114.57395288811185,92.31252042625098,824.6795823547282,52.1235492774227,East,633.6820308904978
60.26285843143525,61.46720792103639,1066.4335633542396,53.212335019739534,East,427.32730025776215
75.0944430811578,72.7561186293448,840.4138651582455,73.19029866657375,North,291.59809008404386
95.54675152123488,86.89498221082678,861.7333593699063,67.54555552332364,South,490.64218608650276
88.69532148933237,70.78677127688688,1170.3888348503817,80.51932744814485,North,482.88695023767764
72.47687857539802,65.88044341057471,991.5215823944493,87.21173044679105,West,414.4141258471345
77.32354070967918,68.92314165071681,1382.7225692248226,47.63139561681192,West,539.3868840734649
52.50208383260036,46.83949937873057,893.9088546853574,60.845029527927466,West,351.50894042490944
75.2365251205067,70.19937268764959,1219.8539931443877,45.885596200278805,West,571.3913203118835
,66.64826838415415,1021.4309508507121,50.668728867020796,West,505.48432526774644
84.64339779252512,75.64695930516802,1175.0711621437313,52.43900987693197,West,523.6148041299111
68.89345562361967,61.74396869693777,901.6253153874118,47.314141510340704,North,356.76954236714676
89.43077045090278,77.7201119232779,989.0970557386518,47.37735272521904,South,503.1979443567217
100.25431635639657,76.29811325436617,974.5902465542343,58.268587457756944,South,537.1317351717203
83.10858655336932,71.06040395741671,816.0674347339268,45.399378979363114,East,465.364456397786
,71.19889914854083,1145.6579376079856,70.10552350965159,West,513.3027916858712
81.06310695155734,62.504436120623645,1143.05478122724,48.98695755098983,East,557.0798115357745
80.00168786182829,76.41051777905817,3391.746098637674,93.7148276411567,West,433.89633484330903
65.56883932914305,64.3784901342001,1338.1324438618817,54.58338658842726,East,557.3848907852536
86.32988523346616,80.17650544992429,1318.8558562719868,60.86421170300463,East,536.0213270687178
78.05426803173022,67.62219491125006,917.5121682331902,44.45590578640758,North,397.7782388411589
121.8633661786119,110.3369868565834,1082.0715100555192,80.47310109753167,West,553.9458442344331
111.46709804950484,94.80729924508823,862.8078483631932,73.43400816963499,South,516.5663862521573
87.71693105113002,75.57337777794942,1005.1381695452022,63.56299044883335,East,485.671959387976
64.73885580610465,49.56067058287904,868.0551211938498,43.838369414645214,East,428.78115457626444
57.75177056033164,51.07396149877609,1356.4154680099314,62.528002532695446,West,359.585727416155
103.82285906177731,88.5513598446328,1080.0135930754518,46.542827447792945,East,707.0614760407339
85.25498450294278,65.95347624332905,952.0335918170272,77.54826316168032,East,479.5989959010038
89.60286806783222,75.9064522985744,1262.596085808403,69.71033678223807,South,504.9986346097804
45.108280260516146,37.94339040215468,522.4646098450095,61.14526846185284,East,336.7842976301452
,92.75426001971228,556.8974291296363,30.76349204103213,East,614.873050617366
89.08840676428726,80.19621239221122,1175.0845041483503,48.19900825609163,North,529.6273241522705
57.79138631171044,49.1799055604112,1013.303058585821,68.25313357919848,West,363.36102581654814
70.56950385100102,61.22801482235627,1055.0981860573675,74.55460430067787,North,355.25789601425595
85.27434408713039,72.70425436458181,708.1928572699193,73.31003773790557,West,525.2931147807703
81.04933596712488,67.87736564807841,994.8885836129194,40.89584397310254,South,510.6379757266115
74.1565762839289,57.620953854398124,1440.7720702882953,63.61862768175485,East,498.9254929722651
77.93023463868079,65.48544005484402,1181.3239163550898,72.18618259779515,West,474.9955091598754
74.9604524358623,59.985893287220385,1037.3354399314187,40.09997321301306,North,439.1954980814596
83.05125024204938,64.34198501112624,903.4081397769137,59.905145815521166,South,483.33709347496364
109.42983945986313,95.57147261362132,913.1939725887333,63.28610877970147,West,525.6330260238876
28.66683118137405,26.323129803834117,531.5764643759961,56.39082498183918,North,226.36767289692895
75.26299470980632,55.04000794649498,1056.6808926026554,37.77405773518558,East,587.3544503335924
83.53024842744894,70.38728797585597,1186.0062838660078,56.091622679115254,East,560.2310256714296
85.91987979374198,78.0104047541803,653.3637480224647,56.07233483693971,East,482.4508925138056
72.5617083735742,66.97357081201967,854.4882836925005,58.22313114542695,North,405.76249884447407
44.86556435042835,43.2649139122903,745.3577809086471,53.23834289489916,East,353.63059666249904
86.5599096742822,73.77048925764717,787.6227371420721,54.68385416110239,North,423.0647773811481
114.5470042832837,93.13972700094538,1011.7659579008181,59.523524611836265,East,591.1027486193209
49.32277190167724,36.505861979635355,541.4315259025357,65.30945525963654,South,293.98189405051835
97.27656027396377,84.40810075662098,1135.139496438554,56.34687884571999,South,515.8272610506456
73.42949553754212,64.31147137873661,1165.84811538541,55.08421285958398,East,475.01125110517404
78.77351308342305,73.39414167893491,944.7574306318793,61.1082484590535,East,460.1622300821329
58.94202978592102,55.600623569743284,454.24412780340083,,East,460.88209588260617
73.31087655288246,61.65310178729423,780.7879022794743,65.72442152671749,South,382.6081327811295
106.00089189397917,83.87972871557794,1271.2384255025931,59.993242834524494,East,641.5787525359085
91.65310483975414,76.30960612873652,388.8412582397141,60.47632231917074,West,406.0130572813734
114.64623210819889,98.53545326602168,923.5448493174258,71.52881169113357,West,574.6047276717188
103.54823777955387,87.00558588567377,740.399828737203,36.56621363942102,North,525.6783802812313
88.78173357859153,72.57500300141453,1177.005466348664,36.313993561692435,West,584.9705454048386
114.87869052335584,395.6452440788079,2554.4247915853157,63.28564614388223,West,607.3958026122796
88.77986317476598,72.94309499149803,1088.8698845618346,59.91459773845781,South,507.41055694697224
96.55976353594119,78.93546858692314,1124.4012922172005,62.04212331830318,East,514.469851954045
,64.51555796142716,1403.9696847406044,54.454475097930654,South,446.32345891338986
81.33091631718409,67.12131596896045,955.3527723914185,67.97224409087917,East,468.1506504183915
66.05152353399447,57.36431694878706,1082.7297613169744,71.19166611589344,West,480.4764118835244
99.79167869189706,86.18894700237311,673.287794591964,65.80778752741833,South,345.2753073380252
56.43392753770269,42.2716934015894,1261.8909839246237,56.870058499145,North,413.0093052980953
95.64700684835323,78.89375020177317,832.6880534242998,34.70772734862717,North,482.6480934099826
76.18697884989682,71.94781672199461,876.6340839006959,69.23083449644554,East,412.0625415782538
103.42494186934638,82.100803025273,995.1054851331736,74.66074399461111,West,485.96763027694533
95.0173797746252,70.18150056357877,656.1654440252331,67.73470094380777,West,418.0590884305591
116.41292315293603,89.64175891378306,1050.3294063643664,49.44429087158992,West,603.7981396341006
94.61549382277289,80.56871948224031,1212.8425800435023,68.08553272401309,West,531.2153044870433
48.55919488693519,41.4299020440584,1064.4454411694041,70.32635649553734,West,315.7151158606306
78.66093654203598,66.27374178360498,650.4425358806805,78.70579497358904,West,291.819244638314
56.559856148103684,54.14682687053063,972.7619552474749,49.48668090926451,East,478.9242157377487
69.63440315267451,45.82507051425864,1163.246358655488,57.28254498547034,West,485.59465886240844
110.22456866553443,95.67055273785839,586.8424714875002,68.96726461372145,East,549.4335057822469
92.75067621795392,86.6452657942787,763.551476960103,60.68892085725789,South,373.98391613837737
66.02139142842508,50.47927888970274,1192.8395928979344,46.5920687753847,North,468.2296627135288
59.72565267119202,48.86777221156374,1059.420995523403,64.97539542032044,East,442.36146991071723
80.65564185752521,64.79283599275333,1090.6337480678858,66.943939605782,North,385.7496581481726
55.668797012377446,171.38698892053273,1409.0888576771285,61.055554755972025,South,394.19754975895245
66.57719445206838,54.95930525914292,1103.0816112713646,62.63501912615933,East,444.71933771440274
86.24018943102487,80.44158743479366,3434.206086885898,56.89552917977124,East,636.0508749398678
103.10624072213392,96.82723799125142,1596.3640159880317,77.73934722859272,East,706.7971697728289
92.17522944448879,76.66924890261474,952.962997220092,49.19169379544788,East,482.9145027911707
34.174209828038,38.57337942415465,824.465792003931,52.952150846834655,North,398.76371139692577
86.0873345806052,73.35211677843755,1094.1152076143692,60.131826162330306,South,420.777521788903
81.44067146465156,77.99302587845924,1096.5780264655568,70.54744833241071,East,534.1679669331155
88.27780570745387,74.56964160306833,884.1226137718342,42.03152195886556,North,550.374319520363
112.32419363302415,96.13085371830125,772.8726556979335,44.276439002814726,East,574.4630296828865
38.735234463905144,34.75232165753354,1508.165772859817,35.547257907183386,North,470.3210150789849
68.17793149617789,73.84551016858889,1071.905563485365,60.39234270303925,North,423.82922886446556
91.81812645586709,82.30183536171097,838.8972160915433,46.580330193521476,West,559.3459606153456
48.36811201092115,37.57657255952566,1201.5046665015116,55.385398679785,East,430.46192464173356
109.51898096107018,97.93612316828896,975.9880666565064,67.9365382787005,North,577.7446722086578
87.36713225401317,72.45289973048948,944.3660818100772,52.30148735060584,South,468.5047399728871
96.93167971686808,79.94317684483181,1123.7000318211885,62.77538427292038,East,550.9355303362015
68.58112676956411,62.83696455359004,715.7859009890283,56.407945106979334,East,474.3241147032078
96.27527379932421,81.98941066828134,1077.5779848617778,68.06537178115724,East,562.6338781046802
101.36943111978077,87.55689602437268,1420.8500577009854,65.7015368081761,North,597.4463540037586
84.65756040274337,72.02885245165832,1102.5590856834083,51.69679564590468,North,468.4655996120087
84.68801785397392,73.667730808905,917.2333371676378,57.97617895919457,North,406.74096014025133
,74.72066455497009,888.4368383057868,72.52492077264593,North,383.32522641160915
62.733094705212366,43.638295835903435,909.725205864076,64.72052244304916,South,298.5589429609525
77.04942639519294,68.82487577896165,944.1282108294881,43.23645530698642,South,497.50224971558146
,60.49701984915839,916.8825627931801,67.86741673405659,East,482.8197136764116
87.6678772870699,67.30620001621236,1201.5885170364047,46.98467253076514,North,522.2405301713369
99.9964849382059,84.7049559781816,618.6939972940237,76.95015683953207,East,517.9821444419358
58.829278360431815,50.42479162293932,1189.6400110906695,72.2891860780923,West,450.742511997361
77.49981939360845,62.407315661705766,916.4689644686366,63.47862571102081,South,401.6257460533253
109.62911095317946,97.33990359854242,1082.9285128529818,61.886794121234324,North,520.674426546007
65.12823542374872,48.64812427833187,752.06265975581,57.49161292767096,South,407.4248470983281
63.554999654193594,51.98703096220176,1292.2988347068758,68.14228741680034,West,427.944118449478
84.04612383662388,68.5148345864653,1274.0396912378121,55.55066196645526,West,542.464512721018
96.88770380970641,82.12161188655375,1211.1099156650162,62.826838447678725,West,538.6689396425511
80.22852111121318,69.58856436776739,666.7539493254213,70.46321239823341,East,372.66047054009294
106.57921180873979,85.55286528931109,1182.4066356345315,53.258321477692924,East,560.6087244169355
97.13587965133054,86.18691109091209,1089.0681192798559,52.60568712011167,West,600.2862235291421
96.83640133780123,82.62595297880455,646.8403256308352,45.66761423130649,East,506.0123056444265
91.08233002648187,67.96024925595003,994.6545755704205,47.226327046485935,South,629.456234674307
126.55306200692169,97.77714550389828,1080.1975875873177,38.05925626270197,East,672.6937877544123
75.89676622267912,64.45065482463069,1122.3365602410931,68.75794546818635,East,412.5771376036979
39.929554158669724,32.835284445937496,1038.9975007287483,81.70697450499324,North,262.9111705287367
112.08508723034282,379.0208943116729,1064.0709117064234,77.10394732164366,East,631.0368877139198
,60.07919739108287,1324.194506295681,40.486986136481804,South,504.28481741880995
82.15760888686066,70.96176675138246,1269.7274601803497,68.6982560586744,North,490.6634020782672
106.19101369721054,95.00060969187047,369.2479101677965,77.06527619908267,East,360.7099900155504
47.95480917882149,35.20606329741047,930.1635179357099,54.51828023113603,North,297.6159663447652
54.967055717877216,40.862139395691656,963.7767739403307,61.21736916780059,North,289.0539073459803
47.97444125762293,35.311655779542576,614.5383140000663,35.90528339034395,North,251.49792376083184
64.11727419949152,55.94426640541132,1020.7202728111087,63.2008340157197,South,371.19595459080455
88.79273212033988,81.69855919552113,1274.7267099303115,47.23728324678339,North,458.590015112202
90.48375685625543,74.75449613661957,760.9550708900701,62.39562021493818,North,373.3723690193428
85.52548358657107,60.18816182778714,1074.008206511772,41.26556493373344,West,519.170318604734
51.74468232215267,35.46301566077789,798.5188349947837,66.51429869373115,North,244.74439114854076
33.79793126734712,24.56305796326499,852.179354790471,72.29415210512028,South,217.75332722681364
81.08707170780764,66.13536651416041,1325.0265995174077,50.601841659417985,North,532.7796926714803
70.56447932723329,57.93786429187466,880.6372795753985,46.356929023074784,North,469.18238390251383
89.18771543433223,76.00246373408699,1101.6867475823374,34.127723489400225,West,630.8993547079554
94.0390725244254,78.37447999164935,588.3320144665829,56.803037591097876,North,488.32432221899876
82.76482864117364,75.59680239771463,1409.7098635068737,53.020872788620736,South,524.935767639953
95.20266170751708,77.54217592298266,1132.58353818743,41.387767051823346,East,630.4375054857666
84.58422748230137,67.58500356257845,959.8500346169425,65.43622507574607,East,503.2495195325143
90.60129411202934,79.40547768782724,1126.620232199977,54.60035541762421,West,553.356328465186
65.90653474260235,48.342344181581396,689.8397256314818,47.09116849625721,West,387.10585928408585
76.40777172337083,66.8950644914652,1260.1567631855846,53.345131132314634,North,475.3217137337894
83.93552193313914,71.8579595617996,928.7233493907854,72.85565446715539,East,420.0197673893106
96.41056950834837,81.21177163250528,955.1047066893443,67.23524332506267,West,519.0132831040332
72.12517655550856,69.24778060792858,891.8357647075934,58.439687262018126,North,407.6358982045383
,294.9952244838893,872.2566913959714,67.42926022157823,North,403.26483439777894
74.68322416169242,73.78223139005895,1152.82753455825,46.06905652335914,North,470.1626818163552
77.64915665343739,64.87462590928128,1056.299507022929,60.388441208724366,North,384.78410240177175
96.59038084048146,75.71674148955809,1143.3845911086687,61.767867965837645,North,552.5879870131346
40.138792578916885,34.46757159705348,998.0651683131742,54.36196189801528,North,321.8697520456171
54.07055343850478,40.57874442113523,1112.9039584369798,,North,306.30396969190696
50.35629205114358,39.04406900440454,907.8532763364916,50.63479854426659,West,413.40185748290924
33.327677603033905,30.313692462656274,1490.5410051101007,66.11784849331342,North,309.7030338086003
66.43471119689647,59.24741496061262,655.0553083852903,66.6223052583755,East,312.28252821209287
94.9886779945548,77.6295377941003,1277.4062111838566,24.99408143163521,East,733.2108307368411
74.3023186723485,68.09399659672823,1300.9396391586135,74.28366844212141,West,435.5891686138979
83.95580163883704,77.14997018311716,812.5250626875694,23.428409215766948,South,510.6625410132723
101.78434993421585,93.69820622689993,1490.4401943223143,52.6074116933265,North,624.4956172919001
106.55372264535383,93.21773128417937,1219.00786224797,72.30417641109307,East,635.6007492838713
78.61724130547721,73.64179867008411,1213.6505815010405,,North,489.2848490910219
107.07171779138795,81.60696798280948,1006.1648811456929,42.405768210365494,East,575.3548129220634
81.84253316868218,67.97662045023753,952.2102451918912,46.87515525939995,North,502.8588136476224
,49.42920391331601,953.9300580512862,72.32286895584744,South,296.74149775297917
68.11199295602529,58.49132331825845,1085.9167311902938,36.94194563341634,North,567.4878218690944
50.389269748699675,39.973633190411036,1308.2609805074571,73.5478932115442,North,339.48661415182335
62.23732292532695,52.070935276779245,1039.8891279295124,59.33877481149253,West,315.46887699496176
72.83966623851141,71.32459070375495,799.4824029097961,45.691256034690795,West,486.6186905201869
96.07170038757204,80.81234634733434,1181.3739537246956,53.002619132367705,South,617.8592028990429
114.41539662331968,99.3220487157728,1202.6531642068544,47.793307906780306,North,703.1594139124562
52.3563696924592,43.34156758896914,1144.025096258513,70.39470241030234,West,445.71340553982634
87.85654936519838,75.05663340020278,1164.009759435496,68.78913371715406,West,452.0541879149356
59.189121216849315,50.34083643650228,940.3958113652823,39.37006639348744,East,512.377837109211
89.49394176926404,78.31147083374023,795.6223832312725,55.15689457776799,East,479.09153888688314
77.37826698624546,71.59806461604452,808.9974452590284,49.64177205186867,East,501.8806686118769
43.38188348304939,45.11157094860863,640.1980853392713,75.52211962151245,West,194.76908848901923
,85.32914926621007,1052.1286945401089,43.79881058248294,South,521.2321917117215
67.89998574382538,60.66272231242958,981.6412676901494,79.25074925622016,West,341.60807213797824
69.3219952325289,53.169373401721735,903.2027050034641,59.60046312579675,East,474.22224014293545
58.6049517742062,49.37482529599716,349.7638586440846,,East,396.0887476921424
66.91433446624889,61.578631620729496,725.5901566672828,51.87270979188867,West,426.85747605481095
88.55780881389835,79.60398068389935,1246.5849433086967,,South,466.99635480690137
76.21511318127189,65.84089486805637,853.7822799861112,44.704579175813926,West,469.4766867375848
,78.01922383664194,1079.330169084505,61.13792231676451,North,444.96668539805387
87.23843707857688,76.60650506175945,694.0492054054437,45.26501339169788,South,492.4716484575286
106.41323311056334,96.45277943527543,1316.5152061190308,33.835605495141735,East,770.7652009079416
73.14427698271241,63.61943122009111,968.3139147879712,55.44388234982192,North,475.65680146101005
50.462843663085366,41.11492553576739,1063.8088872263777,38.36572564298541,South,360.9843020818688
101.34444833143966,87.82198736638883,1511.6715542139707,50.97406958318976,West,529.2970395477655
73.37023655805491,47.711729195082796,1333.616822129669,49.09076533675973,East,453.93660832255534
102.29184889154755,88.86250023974065,932.5555633168473,49.545407135690226,South,592.5849496207134
87.66754226364941,56.27534679802808,869.4915593285209,84.01155721908185,South,322.0318617893977
77.3772493959331,57.15334494951604,928.380097465703,60.67693880603485,West,405.4707278090728
86.9755178809259,76.18803320349193,1112.1776146648378,62.94445210794399,North,550.7774336270294
119.020251202526,103.55486020848107,976.8506904648084,38.683220443892466,East,749.2266000415109
121.53961058107507,97.49652509321415,913.0462880992362,52.15244239635694,South,577.4446650767496
81.38762270265558,65.61896908786255,1322.7798751559894,62.58363155929814,West,499.6747671596991
83.20381186634151,77.57594502946094,974.8738238088758,47.705653045043924,East,538.2702235608158
101.52480314932771,83.87593201906517,1505.90960046821,70.89675412221582,North,567.8816299272174
63.08677934465305,64.83836400497002,1019.9633640254781,45.567640969187636,South,498.81669452323786
86.6614074523651,73.6525970686286,1392.77004672944,56.563606369617894,South,538.2723571045046
79.48274304092287,69.60051246919078,1078.610272996338,52.967380320293294,East,557.7881790406683
86.27816422915107,81.42081158727144,1211.8513261148785,61.971847912582994,East,601.8796945652439
63.332623881011884,54.4878658798272,840.5855686661006,52.31411913773489,South,315.227056598934
48.20865013382062,35.96563271029352,812.1729710307694,56.749276475148754,South,324.22728597740485
38.540331280174165,32.21064432967659,1101.1353101032973,57.166438898664175,West,335.4189872557769
57.65231774020784,48.82641639822621,1217.4817133423694,51.18734691130439,North,308.55842648605886
70.82649430121334,53.37881189502352,1008.8564304401018,65.82112642196535,West,319.2182659378192
74.13616826702476,61.73658267026693,716.9934662815866,,West,352.57606580163207
118.74462324859033,97.2219692913146,700.743159416348,58.93663265696199,East,605.7345424992857
102.11986739814597,91.42367607436124,686.0299915190269,54.8344999984565,East,548.5300589573962
60.75817767316745,51.81751039311861,611.1231351533362,69.55852836623997,East,345.3658436518463
86.95416904901914,72.49706494592841,1024.0867790783593,57.169989074229825,South,549.2774069176274
71.8584352729935,60.5487603289316,1247.5096627757655,56.319632546088755,East,453.3631196866087
74.31272323919809,64.2814248453492,997.048526876542,61.25628035865751,East,467.4734549296555
83.70651298830764,74.23460703851039,502.7087533856725,80.35904019565021,West,366.3766018645034
92.38342233950786,73.52734784523477,958.0326987263993,,East,538.0168113165495
73.2148303223197,57.02466761086538,964.1842207408264,69.23828271666426,East,429.6541654287012
,91.60887213349673,1461.1197250495966,37.28194606514274,North,588.4476237251298
57.16123547715192,46.525365794555476,679.4296591576976,62.60727789874349,West,396.27192260114674
80.12678124724538,61.0235535971742,914.0509274281769,78.90099393130477,North,333.27721989116526
131.95347453191664,114.37951689904466,1375.2875897198041,65.86402229360769,South,742.2531856008253
84.4615948525055,74.10920465479312,1098.9952350962405,62.04750094247751,East,517.3304705777336
108.66429013212345,84.7110703260214,1123.9288761736134,53.274606374363096,South,603.3419324674503
81.83040356346416,70.70325160626257,1025.2085761452531,60.37256640586265,South,434.6848689357736
91.61554190659594,81.55112608274841,1072.5875785045982,56.97524621515972,South,490.4791317442747
78.86433611214616,68.90661795385556,1171.074096661278,50.568280704823735,North,467.5237342147222
76.59184837671592,68.2629785390155,821.9130098435915,56.521492614301565,North,422.4782456437249
64.41035206549161,47.727453765214115,1193.172887359804,,North,414.4429772520369
88.60602717915107,76.97032387725939,697.9393362851814,50.79339517763232,North,420.89853860928605
62.96925621628464,52.01076898648971,1072.2409540229385,50.32461815178379,East,464.07135325889396
93.31170472626859,76.90099822370507,1039.323011922992,43.677078748893905,South,497.9732262533145
101.70574008891819,90.8026571226791,864.4155205977363,64.68870031306675,North,592.3086490526383
87.3306281447446,81.62740647640405,995.0092394283578,66.54387914360473,North,451.86132197096293
74.27502532888616,72.10562180255504,863.0411664135784,62.77992533083821,West,502.8661552811486
89.07931158617393,82.29145420577737,764.2257080904162,71.582045912744,East,452.5327376013522
,62.20388714756006,922.2047568449982,61.05441164496873,West,446.0464342606658
98.71094250930298,85.66790194803924,757.1225002182344,64.70413124838907,West,429.5734366744354
43.37187831569753,40.700210927264116,1071.0154421005145,,West,326.86585126003183
73.28785263762708,62.90056448848033,746.98119128648,58.90151976698151,West,423.5169885577877
40.18376009752004,34.810017022449756,1156.6349450580312,53.63013806244423,East,466.2064206353059
50.0987833954559,46.702731545518425,740.0746050556595,86.56983138950294,West,262.58115792853414
